section,url,pub_date,headline,headline_len,word_count,num_links,num_images,num_ads_est,images
politics,https://www.thebaltimorebanner.com/politics-power/local-government/baltimore-lawsuit-covid-aid-NFRWCIJ5R5AZZA5Y5TTIZFDVBY/,2025-04-25T05:30:00,The COVID grant was supposed to help the community. Instead they bought property.,13,653,4,0,4,[]
politics,https://www.thebaltimorebanner.com/politics-power/local-government/eastern-shore-salmon-indoor-farm-aquacon-G5IEJK7EQVBD5DHWGTRJ5N5PCY/,2025-04-25T05:30:00,Norwegian company’s second try at indoor salmon farm draws more environmental blowback,12,787,8,0,5,[]
politics,https://www.thebaltimorebanner.com/politics-power/local-government/environmental-group-withdraws-lawsuit-over-pollution-concerns-at-wwii-aircraft-plant-647RR4UVNFA5HFN4TXMXFLDVU4/,2025-04-24T11:00:00,Groups drop suit over pollution worries at redevelopment of WWII bomber plant in Middle River,15,783,3,0,5,[]
politics,https://www.thebaltimorebanner.com/politics-power/national-politics/judge-bars-trump-administration-from-denying-federal-funds-TUDTRL66TZHBZMURONG57HUOQY/,2025-04-24T14:17:00,Judge bars Trump from denying federal funds to ‘sanctuary’ cities that limit immigration cooperation,14,425,8,0,3,[]
politics,https://www.thebaltimorebanner.com/politics-power/national-politics/kash-patel-wisconsin-judge-IZ52UIQSOZHXXPTWH3ZQZAWZA4/,2025-04-25T11:11:00,FBI director says a judge accused of helping someone evade immigration agents has been arrested,15,380,1,0,3,[]
politics,https://www.thebaltimorebanner.com/politics-power/national-politics/van-hollen-abrego-garcia-democrats-YVSTDUBEIZGARD6TYQ263KQHX4/,2025-04-23T05:30:00,Maryland Sen. Chris Van Hollen stepped up to Trump — and into the national spotlight,15,1289,6,5,7,"[{""src"": ""//www.thebaltimorebanner.com/resizer/v2/4LNN7TSZFNDHFN3ROLIOGU5QHA.jpg?auth=fd8c6106aefc222a6905302e9be048f39673d9a724350c1e2c790b4b6d76a50b&quality=85&width=1024&smart=true"", ""width"": null, ""height"": null}, {""src"": ""//www.thebaltimorebanner.com/resizer/v2/Y3YJMZKRIFFM7IVJXXF7TP6GD4.jpg?auth=6ae1ed6c331aad7d32fa8211eb6e4262bcf222e3b20a9bfd0e536924b813c1c6&quality=85&width=1024&smart=true"", ""width"": null, ""height"": null}, {""src"": ""//www.thebaltimorebanner.com/resizer/v2/RLWX4D6G7JAQPF2NJAC4TVHVXY.jpg?auth=2fbd452af0ce3f973ca77a6f3ac439b4f0f18e9e277aefa66589f7cc18fba8bc&quality=85&width=1024&smart=true"", ""width"": null, ""height"": null}, {""src"": ""//www.thebaltimorebanner.com/resizer/v2/KKT7MW4Z5ZFCRO6CVUTO7CRA34.JPG?auth=c70b9356dd906a761912ad23b51ab12a91b0c8522d7ea6ca0243ebd34cd2f124&quality=85&width=1024&focal=3145,3094"", ""width"": null, ""height"": null}, {""src"": ""//www.thebaltimorebanner.com/resizer/v2/5VRPVRHTMFBB3HIVX7GDTH34DI.jpg?auth=86471a44333a4a814eb69c9d9ebd2cb521d20340b031cbac78e4558de2d7028c&quality=85&width=1024&smart=true"", ""width"": null, ""height"": null}]"
politics,https://www.thebaltimorebanner.com/politics-power/social-justice/ivan-mendez-abrego-garcia-T5VNIS7IPNBCHEBGEXF5DBSDCE/,2025-04-23T17:37:00,Detective who helped label Kilmar Abrego Garcia a gang member had trouble of his own,15,1345,2,1,7,"[{""src"": ""//www.thebaltimorebanner.com/resizer/v2/4LNN7TSZFNDHFN3ROLIOGU5QHA.jpg?auth=fd8c6106aefc222a6905302e9be048f39673d9a724350c1e2c790b4b6d76a50b&quality=85&width=1024&smart=true"", ""width"": null, ""height"": null}]"
politics,https://www.thebaltimorebanner.com/politics-power/social-justice/second-maryland-man-wrongfully-deported-el-salvador-U4NF7LTELFHWXGNNW3Q2C3YZOA/,2025-04-24T15:25:00,Second man deported to El Salvador last month in violation of Maryland court order,14,347,3,0,2,[]
business,https://www.thebaltimorebanner.com/economy/growth-development/baltimore-harborplace-whats-next-MVEV7BABTBF77KNEMPJH33OWMA/,2024-11-06T14:52:00,Why the fight over Baltimore’s Inner Harbor could drag on for years,12,432,4,1,3,"[{""src"": ""//www.thebaltimorebanner.com/resizer/v2/LQAKIUHGFBCSRNXOA5R7QBA2EY.jpg?auth=2cfe1517a5279d2354e463c07f2cef376640a88a904db9f1c4315bc64fe0613b&quality=85&width=1024&smart=true"", ""width"": null, ""height"": null}]"
business,https://www.thebaltimorebanner.com/economy/growth-development/harborplace-pavilions-historic-preservation-Z4WPWEHQEVB7NGM74CVDNTUHJU/,2024-11-08T05:30:00,"Iconic, but Gen X: Are Harborplace’s pavilions worth a preservation fight?",11,985,10,1,6,"[{""src"": ""//www.thebaltimorebanner.com/resizer/v2/RVZFEAKZYVAN7KOQUL5JGRXI5Y.jpg?auth=addf817af2a868d25b81c2948c8ebbe0c958f5d112ee90e65f9e673e80eae4f7&quality=85&width=1024&smart=true"", ""width"": null, ""height"": null}]"
business,https://www.thebaltimorebanner.com/economy/growth-development/tradepoint-atlantic-howard-county-jobs-HK4TFGOHCRFUBEL3K33WIJOPGU/,2025-04-24T14:14:00,Tradepoint Atlantic resurrected Sparrows Point. Now it’s expanding into Howard County.,11,475,0,1,3,"[{""src"": ""//www.thebaltimorebanner.com/resizer/v2/UUY6YL2FNNF3ZN6NB7KPPNTKQ4.jpg?auth=b370a07cb0c2a6bd7e5845aaa45c88b9592ca656bd0a38750b8fe79781c40409&quality=85&width=1024&smart=true"", ""width"": null, ""height"": null}]"
business,https://www.thebaltimorebanner.com/economy/nonprofit-philanthropy/mark-foster-second-chance-home-sale-K2L7UM4OKNHTDIAFXG4HLWZSWU/,2025-03-10T05:30:00,The house that Second Chance built — for its founder,10,1752,3,15,7,"[{""src"": ""//www.thebaltimorebanner.com/resizer/v2/BV3LKPNAPVECZNSEY2V6DSM7GY.jpg?auth=4f8d7292a81be6c084a6036cfe68b01c280462dea974639e0d2ac61049b34290&quality=85&width=1024&smart=true"", ""width"": null, ""height"": null}, {""src"": ""//www.thebaltimorebanner.com/resizer/v2/WTRUHPMRUJBF3M5BLNA2G4IK24.jpg?auth=1ed415c21b88f61655c6db66f1f72b5c5e1d3472a486f336900b07b054ab1402&quality=85&width=1024&smart=true"", ""width"": null, ""height"": null}, {""src"": ""//www.thebaltimorebanner.com/resizer/v2/7T3MQFNKOBARFGA4OG6GQUXDY4.jpg?auth=72af91cc8a36f029cb7ff6d30d2d81d39bc97473ed4c6bb7ee77f24a0245ce6b&quality=85&width=508&smart=true"", ""width"": null, ""height"": null}, {""src"": ""//www.thebaltimorebanner.com/resizer/v2/P4XOALZSMVEDHIVDNKSJZFFBWQ.jpg?auth=fbeee9f7784515784a5223b5bd96be4a9c051c8446cf91f18424e56405546876&quality=85&width=508&height=635&smart=true"", ""width"": null, ""height"": null}, {""src"": ""//www.thebaltimorebanner.com/resizer/v2/EETME6BOZVEPFNRV5GZCL52RM4.jpg?auth=1f3c171c4daf42904d7e92738e0c361a8564d5f0c538047305a0e725cd413b69&quality=85&width=1024&smart=true"", ""width"": null, ""height"": null}, {""src"": ""//www.thebaltimorebanner.com/resizer/v2/KW4ZFMN7AND5LBV2PMF6DFZFWE.jpg?auth=602fe9618c03c074292729c9f9608fbc88f7831328cc334d4a4af53b99a2169d&quality=85&width=1024&smart=true"", ""width"": null, ""height"": null}, {""src"": ""//www.thebaltimorebanner.com/resizer/v2/ZLHBAQXU2BBIFHPCOUIAZ4LRM4.jpg?auth=13527cb4a323be344abcd290f4e1e5c02714482f526aaa3573765462d0a315d9&quality=85&width=1024&smart=true"", ""width"": null, ""height"": null}, {""src"": ""//www.thebaltimorebanner.com/resizer/v2/YGBPY37PQRBCJB6ZLCYKNPNNHU.jpg?auth=d2c22feb4d728a345f78dc82653c5e44cbab3c892b5daf49d810809323877136&quality=85&width=1024&smart=true"", ""width"": null, ""height"": null}, {""src"": ""//www.thebaltimorebanner.com/resizer/v2/R2XMBZDOLRFQHBYPMMPKLHU6IM.jpg?auth=1f42d763b7a79009bbbb25daa29c66f3c2408b5705e78f7ef9064723085b360d&quality=85&width=1024&smart=true"", ""width"": null, ""height"": null}, {""src"": ""//www.thebaltimorebanner.com/resizer/v2/GCIWSERQFNEUZKBMT5EXZDPQF4.jpg?auth=142a34e7b9048a591f188fe48190a54a53839043ad1e2f2d5e71c509cce42903&quality=85&width=508&smart=true"", ""width"": null, ""height"": null}, {""src"": ""//www.thebaltimorebanner.com/resizer/v2/TMWMYSYVQNENRBUEWKTBFO2FUQ.jpg?auth=508bdde686ca72d5da5f8f1a1fc0a0a030288e9aaf1604e2b9dd6452050f6546&quality=85&width=508&height=339&smart=true"", ""width"": null, ""height"": null}, {""src"": ""//www.thebaltimorebanner.com/resizer/v2/2ROEUNYXJBHW5MRHVDWCVERZVQ.jpg?auth=9f79635ebf7c0ca3e4bd260d454357f5c234f5b8d9693cade315ba8e0d6b4098&quality=85&width=1024&smart=true"", ""width"": null, ""height"": null}, {""src"": ""//www.thebaltimorebanner.com/resizer/v2/4BQSSLRPCNB7ZA54O4GSXHVVEQ.jpg?auth=417d103f48050d73d9e668a666fbda0f972fc1b642cd889f486f9864083d101a&quality=85&width=1024&smart=true"", ""width"": null, ""height"": null}, {""src"": ""//www.thebaltimorebanner.com/resizer/v2/I5SMXN36RNA6FGEKG54YSGJLS4.jpg?auth=6afff53a61f07c1f16e6eca9a051db3425485a51db40f659cf3f4b097a4ba67b&quality=85&width=1024&smart=true"", ""width"": null, ""height"": null}, {""src"": ""//www.thebaltimorebanner.com/resizer/v2/CQ7I5DVEBNEFLKO7QLKR4RXAKQ.jpg?auth=4ae2dbbfd29c489ed39db38b5a172f5f586de25c5ba88c2221897cf7f5e601ad&quality=85&width=1024&smart=true"", ""width"": null, ""height"": null}]"
business,https://www.thebaltimorebanner.com/economy/port-baltimore-car-imports-trump-tariff-GRYZWZLVWZDG5O3BXX63Z32ZVU/,2025-04-24T13:45:00,Port of Baltimore becomes car purgatory amid Trump’s tariff turmoil,10,876,7,1,6,"[{""src"": ""//www.thebaltimorebanner.com/resizer/v2/XW6XIHP5YNGTZIP22AGGHMQJPU.JPG?auth=48be6252ae11b669ab421d1c0d1f53bc4deaaf42aea67dd79e2b4acdd926139b&quality=85&width=1024&smart=true"", ""width"": null, ""height"": null}]"
business,https://www.thebaltimorebanner.com/economy/real-estate/chasen-construction-llc-involuntary-bankruptcy-RSDGIR4ZT5AKXC2EALXM23UO4Q/,2025-04-24T18:36:00,Judge forces construction arm of Baltimore real estate firm Chasen Cos. into bankruptcy,13,270,7,0,3,[]
business,https://www.thebaltimorebanner.com/economy/real-estate/grand-dame-pikesville-for-sale-GF6QDNQ6XNB43ES5TV5KB63VGY/,2025-04-26T05:30:00,For sale:,2,264,0,11,2,"[{""src"": ""//www.thebaltimorebanner.com/resizer/v2/IFDNKR445FGK5HSOZPVKGA5AYM.png?auth=7314470b17e006b9a674b65d266d7e0012727e3f6dc3812ad7b781abdc9b368e&quality=85&width=1024&smart=true"", ""width"": null, ""height"": null}, {""src"": ""//www.thebaltimorebanner.com/resizer/v2/FHXW5CTBFBCR7NYDIMPSDDHQNE.png?auth=096677ac1aa52251d2194cbb9682376bfd0fa987b74215b86c10cf419786cb9a&quality=85&width=1024&smart=true"", ""width"": null, ""height"": null}, {""src"": ""//www.thebaltimorebanner.com/resizer/v2/SUQN5CJS65BCVB2GNPAF5HP3HU.png?auth=39d0417b79df86067f9460b3bd54b86e2064c536aed64dace509f890bc033ca1&quality=85&width=1024&smart=true"", ""width"": null, ""height"": null}, {""src"": ""//www.thebaltimorebanner.com/resizer/v2/NYAA2T536BCVRFTLSMTOGR6MUI.png?auth=e0b842e4c3b80e99cef7da141153120128ecf0d4f1212e9428138a4e9f7d8fa6&quality=85&width=1024&smart=true"", ""width"": null, ""height"": null}, {""src"": ""//www.thebaltimorebanner.com/resizer/v2/RPZIO76PWJBLFNPXJQC3CMUDDQ.png?auth=173ac1ddfbb9ac1298ffe512ed6b2863df531137f34543503ae6061c454479e9&quality=85&width=1024&smart=true"", ""width"": null, ""height"": null}, {""src"": ""//www.thebaltimorebanner.com/resizer/v2/JZSI7CIX7RE6BJ27TOAHE5NWVM.png?auth=2088fbc43b8334b1ed4f63df2004192bed54402c98452fe6dfc65e9e92cda724&quality=85&width=1024&smart=true"", ""width"": null, ""height"": null}, {""src"": ""//www.thebaltimorebanner.com/resizer/v2/T7OJT32NAZFL5CFCSDCYUX76YQ.png?auth=5b48f12199ccb3fc7db820fca1d25670861959e6607f726179ed835fe3a16b9a&quality=85&width=1024&smart=true"", ""width"": null, ""height"": null}, {""src"": ""//www.thebaltimorebanner.com/resizer/v2/N4V7I3B4UNGS5JLLRLUPV3XCS4.png?auth=2c91b7e4f89d6342de34db0fa37f88c59977bc4efdce49d1c1eb351a584df8c1&quality=85&width=1024&smart=true"", ""width"": null, ""height"": null}, {""src"": ""//www.thebaltimorebanner.com/resizer/v2/7W3KLPG7OBDTXJAS2FPQQCK6GQ.png?auth=87b18122dbc649eb94368b883b3e3ef6da28df869b7ae9a94f098b3ab946934f&quality=85&width=1024&smart=true"", ""width"": null, ""height"": null}, {""src"": ""//www.thebaltimorebanner.com/resizer/v2/3VF2ZWAUS5CIBGQTNND44WSI4Q.png?auth=6bc8f62d8844699d93cbdd672ae59c91a3aea2315bdc08c1c1d0808847503aff&quality=85&width=1024&smart=true"", ""width"": null, ""height"": null}, {""src"": ""//www.thebaltimorebanner.com/resizer/v2/GYDEW6Q55ZD2LGZQ4GKFOACDK4.png?auth=78be3aa78e73a4cbd5a0596220cf9da5fa8178002c7a48c55181f33d85c79f93&quality=85&width=1024&smart=true"", ""width"": null, ""height"": null}]"
business,https://www.thebaltimorebanner.com/economy/science-medicine/allergy-season-trees-pollen-FEKFNYMR5ZCUJBA6ZPBDTEVYL4/,2025-04-23T05:30:00,Allergy season is in full swing in Maryland and about to get worse. Here’s how to cope.,17,536,2,1,5,"[{""src"": ""//www.thebaltimorebanner.com/resizer/v2/2CCFSN5EBVATNEHZEQASZTXXBA.jpg?auth=9feb1f55f93ff65bf57a29912fbaba8f05eb758f613e24ad4659b0b2f7e40265&quality=85&height=683&smart=true"", ""width"": null, ""height"": null}]"
business,https://www.thebaltimorebanner.com/economy/social-security-administration-trump-job-loss-KPIEMUMECBHFTJO3MU7LSICAC4/,2025-04-24T14:49:00,"Social Security could lose some 7,000 employees under Trump’s worker reclassification",11,758,13,2,5,"[{""src"": ""//www.thebaltimorebanner.com/resizer/v2/34N5WJL3Y5FPPOR34Y4FAQQHWE.JPG?auth=67679cc069598fb536e2b22e92744817beb0f5a72f2dc54406b81ca660d5be6d&quality=85&width=1024&smart=true"", ""width"": null, ""height"": null}, {""src"": ""//www.thebaltimorebanner.com/resizer/v2/7J3HOOMAQFFO7N6I2H6JJXSQYY.jpg?auth=67cdd9525a2cb31f43978c0f9096254b904f6724d70a35e5448dd74855cb184b&quality=85&width=1024&smart=true"", ""width"": null, ""height"": null}]"
business,https://www.thebaltimorebanner.com/economy/trump-tariff-doge-linen-world-closed-I6N65ESBQVGHNDXFIAJWH5DD2I/,2025-04-25T05:30:00,Linen World survived big-box stores and online retailers — but not Trump,12,1091,4,9,7,"[{""src"": ""//www.thebaltimorebanner.com/resizer/v2/5YPIGK7MUFGXLNSQWHCDPRFWYE.JPG?auth=3719b224f402fbfdaf428bbf8c0d28ab5612f06c97f196a0a7e0ab3daf8dfca9&quality=85&width=1024&smart=true"", ""width"": null, ""height"": null}, {""src"": ""//www.thebaltimorebanner.com/resizer/v2/LORKQY75GFFGTIC6OJ7RHBYYTE.jpg?auth=fbbe415a475b93a96c9b70c698b5f39f2553686ff4e09d522f2fb23fc8893437&quality=85&width=1024&smart=true"", ""width"": null, ""height"": null}, {""src"": ""//www.thebaltimorebanner.com/resizer/v2/7V6ZJSUPHJBHXCI2E7QKCTCNKA.JPG?auth=7515b18f37f1e47dee41878114b0cb3b0d7c0bc994c2963e35e7d9d62f309de3&quality=85&width=1024&smart=true"", ""width"": null, ""height"": null}, {""src"": ""//www.thebaltimorebanner.com/resizer/v2/OABZY4UKHZHYXAD52PNE3RY23Y.JPG?auth=1bde5ecf50f247abeb8467349e5cc77cc68902a5c61ddc866cb906e18b8cf687&quality=85&width=1024&smart=true"", ""width"": null, ""height"": null}, {""src"": ""//www.thebaltimorebanner.com/resizer/v2/ETZJY5CI5BHYBN65CXJXG6IISU.JPG?auth=c9b714c95a553541ae9151d7761a05353c9f799729360b4604be5972c461c1f9&quality=85&width=1024&smart=true"", ""width"": null, ""height"": null}, {""src"": ""//www.thebaltimorebanner.com/resizer/v2/PXYIWJ6RFBHQZPEKWQPDYHQIEQ.jpg?auth=e7a9ba76e5b9aa474688c2f0f9366f623849766b37ee4d8dc2e6b3d54668d014&quality=85&width=508&height=635&smart=true"", ""width"": null, ""height"": null}, {""src"": ""//www.thebaltimorebanner.com/resizer/v2/TGJZY7FRHVCMTGZUHACWXU2WLI.jpg?auth=872ee997110f71b15ad74c0529eaaecbc7e757b47326cd52082cfe8d0497c998&quality=85&width=508&smart=true"", ""width"": null, ""height"": null}, {""src"": ""//www.thebaltimorebanner.com/resizer/v2/2KVXZIT5VRCJTL6KN6AYG75GK4.jpg?auth=99db7baa1acae254028d080809b0dc53c71ac8b69589163a6d25e8df9dede45d&quality=85&width=1024&smart=true"", ""width"": null, ""height"": null}, {""src"": ""//www.thebaltimorebanner.com/resizer/v2/SN5T4RSO5VCNJJCU5FUFJAJZVQ.JPG?auth=f758e40fa02ed8058063e609d1a430d84867e85caff2ea7962208d8730fa0e54&quality=85&width=1024&smart=true"", ""width"": null, ""height"": null}]"
sports,https://www.thebaltimorebanner.com/sports/college-sports/ciaa-tournament-economic-impact-baltimore-bid-I4VHI46TDVE6JGKUODKQJI63GE/,2025-04-14T15:52:00,Figures show how the CIAA tournament impacts Baltimore’s economy — and why officials want to keep it,17,827,12,0,5,[]
sports,https://www.thebaltimorebanner.com/sports/college-sports/march-madness-mt-st-marys-donny-lind-silas-lind-JLPY3Y2VOVCSRDZBJWREML7HMM/,2025-03-21T21:07:00,March Madness is over for Mount St. Mary’s. It was ‘the best few weeks of my life’ for a coach’s son,21,585,3,0,3,[]
sports,https://www.thebaltimorebanner.com/sports/college-sports/maryland-basketball-kevin-willard-transfer-portal-nil-gillespie-rice-SNPML44IINAPLCM755HOL3OIWU/,2025-03-28T01:30:00,"As Maryland basketball waits for Kevin Willard’s next move, a roster overhaul looms",13,705,5,1,3,"[{""src"": ""//www.thebaltimorebanner.com/resizer/v2/CEYSH7WFS5HJDHAMWSRZORZEE4.jpg?auth=8e62690d4f12d2536fbd5fe5b13b1fac096f2d34746e647eeeb35e1f7d162876&quality=85&width=1024&smart=true"", ""width"": null, ""height"": null}]"
sports,https://www.thebaltimorebanner.com/sports/college-sports/maryland-kevin-willard-basketball-villanova-job-coach-GPIFDTTOENDUPDMF56JW4DTVZE/,2025-03-27T23:22:00,What’s Kevin Willard’s next step after Maryland basketball’s season-ending loss? ‘I don’t know.’,13,308,4,0,2,[]
sports,https://www.thebaltimorebanner.com/sports/college-sports/terps-baltimore-queen-ncaa-tournament-march-madness-3YTTBPNGJRC3DAPHQG3CSTSW4I/,2025-03-28T10:56:00,Kyle Goon: ‘I’m from Baltimore’ might be the only lasting legacy of the Terps’ season. That’s good enough.,18,1071,13,0,7,[]
sports,https://www.thebaltimorebanner.com/sports/college-sports/terps-nfl-felton-receiver-draft-prospect-maryland-5P6556GDFBCZJP7GDJLVB4YO4I/,2025-04-23T05:30:00,Kyle Goon: Where is the love for the Terps’ Tai Felton? He shows a blind spot in the NFL draft,20,1196,0,1,6,"[{""src"": ""//www.thebaltimorebanner.com/resizer/v2/6KEMPRFKPNFHTEQD74HA6OOTAY.jpg?auth=b828f0f55534bd4137886ee02eeb9dddcdc250fd0f1ccdaf22121aa5ebf9cb39&quality=85&width=1024&smart=true"", ""width"": null, ""height"": null}]"
sports,https://www.thebaltimorebanner.com/sports/orioles-mlb/how-orioles-develop-pitchers-jon-meoli-2XK4FA6UWFAKNPKEV73QGMQEZU/,2025-04-22T15:30:00,Inside the Dugout:,3,1673,16,0,6,[]
sports,https://www.thebaltimorebanner.com/sports/orioles-mlb/orioles-inconsistent-defense-slow-start-jon-meoli-63W3GNHXXRF5RBFQKAS3C2UTF4/,2025-04-23T09:27:00,Jon Meoli: Don’t let the Orioles’ sloppy defense off the hook in this slow start,15,792,3,0,4,[]
sports,https://www.thebaltimorebanner.com/sports/orioles-mlb/orioles-nationals-masn-cable-mlb-dtc-M6GT77YWTNBW5HGDAZUGYEIQCY/,2025-04-21T09:55:00,Kyle Goon: MASN finally has a direct-to-consumer plan for Orioles fans. Thank goodness.,13,813,9,0,4,[]
sports,https://www.thebaltimorebanner.com/sports/orioles-mlb/orioles-slow-start-inconsistency-D5VTJME3IJA4NFQ3EIXQPYBNEE/,2025-04-18T08:00:00,"Jon Meoli: Even if the Orioles get past this slow start, will fans follow suit?",15,809,1,1,4,"[{""src"": ""//www.thebaltimorebanner.com/resizer/v2/RAXT5YDNBZGWVBDYVTS2FX6QVI.jpg?auth=e3a22a3f0780a5cbe106e939cdcd5bb2f1b349b47540e767f880b31705f77f33&quality=85&width=1024&smart=true"", ""width"": null, ""height"": null}]"
sports,https://www.thebaltimorebanner.com/sports/orioles-mlb/orioles-tigers-cionel-perez-spencer-torkelson-2UDO24LNDFCCLBPDY764LNRTUI/,2025-04-26T16:12:00,Cionel Pérez surrenders decisive home run as Orioles lose opener of doubleheader,12,837,0,0,5,[]
sports,https://www.thebaltimorebanner.com/sports/orioles-mlb/orioles-tigers-doubleheader-sweep-KCH4GN53QVCDXG55X35HFSYZVI/,2025-04-26T21:20:00,Orioles follow similar script in losing both games of doubleheader at Detroit,12,1109,1,0,5,[]
sports,https://www.thebaltimorebanner.com/sports/orioles-mlb/orioles-tigers-series-sweep-tarik-skubal-6DHKWMTUG5GY3KQVT2F7VSYB7Y/,2025-04-27T16:15:00,Orioles’ free fall continues with 7-0 loss as Tigers sweep series,11,960,0,1,5,"[{""src"": ""//www.thebaltimorebanner.com/resizer/v2/BY3BXZ4TUJEJHNH4A26LAKGTII.jpg?auth=6887f7cc0beefb49f46cd2e55d200013f41cf535219c2bef2e00105fb18a15f3&quality=85&width=1024&smart=true"", ""width"": null, ""height"": null}]"
sports,https://www.thebaltimorebanner.com/sports/orioles-mlb/tyler-oneill-orioles-injury-list-BEVQDMU7V5AMLLDHFVSGTZKO5A/,2025-04-26T12:33:00,Orioles outfielder Tyler O’Neill hits 10-day injured list with neck inflammation,11,578,0,0,4,[]
sports,https://www.thebaltimorebanner.com/sports/ravens-nfl/baltimore-ravens-2025-nfl-draft-tyler-loop-justin-tucker-YNPJW4BGSFDOHGJHJSTFG7743E/,2025-04-26T16:47:00,Ravens draft kicker Tyler Loop in 6th round as Justin Tucker investigation continues,13,873,4,0,6,[]
sports,https://www.thebaltimorebanner.com/sports/ravens-nfl/ravens-draft-malaki-starks-safety-nfl-georgia-kyle-hamilton-3A7QBEVGKNBSZMPWLT6ZTLQEWA/,2025-04-27T05:30:00,Inside Malaki Starks’ ‘appealing’ talent: Here’s what first-round pick can do for Ravens’ defense,14,1491,3,0,5,[]
sports,https://www.thebaltimorebanner.com/sports/ravens-nfl/ravens-draft-what-we-learned-malaki-starks-56EVKH4PEVCBLESYDS55OWBPPU/,2025-04-27T05:30:00,5 things we learned from the Ravens’ draft,8,2152,3,2,7,"[{""src"": ""//www.thebaltimorebanner.com/resizer/v2/4N6WZBUDD5HK5DLNSCOQ65IFJY.jpg?auth=f4b2841ead0c9e3919403196fbc3f0505d1f852e9989b4fb33aaf74572222e59&quality=85&width=1024&smart=true"", ""width"": null, ""height"": null}, {""src"": ""//www.thebaltimorebanner.com/resizer/v2/UZGVUTFC7VE6RJNFJZKTGY77CI.jpg?auth=1bdf95c756863f1dc003f384d40087f686ca0b0ac39104869e2bd22a99ec790d&quality=85&width=1024&smart=true"", ""width"": null, ""height"": null}]"
sports,https://www.thebaltimorebanner.com/sports/ravens-nfl/ravens-nfl-draft-mark-andrews-first-round-pick-eric-decosta-lamar-jackson-EQYU6TTHYZFYHOMCHGWXJUOH3E/,2025-04-24T05:30:00,Ravens reset: Trading Mark Andrews? Prioritizing an edge defender? Answering 5 big NFL draft questions.,15,1672,10,5,4,"[{""src"": ""//www.thebaltimorebanner.com/resizer/v2/IPYQBTWMGBBDRLTFFCMIGRZQWM.jpg?auth=7674383c4bc21cd683ad89da9e84a30cba053dbca01ea550812de08c15cc9d5a&quality=85&width=1024&smart=true"", ""width"": null, ""height"": null}, {""src"": ""//www.thebaltimorebanner.com/resizer/v2/UZGVUTFC7VE6RJNFJZKTGY77CI.jpg?auth=1bdf95c756863f1dc003f384d40087f686ca0b0ac39104869e2bd22a99ec790d&quality=85&width=1024&smart=true"", ""width"": null, ""height"": null}, {""src"": ""//www.thebaltimorebanner.com/resizer/v2/M57Y6DO775FARNKLGMTGIE6AC4.jpg?auth=61554b4b2e6cd21dce2385d1b3e448dc83015abc35a4a3c9f0b399640a7ec47c&quality=85&width=1024&smart=true"", ""width"": null, ""height"": null}, {""src"": ""//www.thebaltimorebanner.com/resizer/v2/DXJTFGN2DNEBFPI6DJN6Y64U4A.jpg?auth=2021e96372f66b5480bb69e9cc888f9b4f433b926d423916fe26ea3f2fc57e56&quality=85&width=1024&smart=true"", ""width"": null, ""height"": null}, {""src"": ""//www.thebaltimorebanner.com/resizer/v2/GWBSENORGRGHDG2UU223CUYO3Q.jpg?auth=54dbedc7fc604c7989e3ae0049cbcbdcd5d291f8616bd29fa0821b50f743cd99&quality=85&width=1024&smart=true"", ""width"": null, ""height"": null}]"
sports,https://www.thebaltimorebanner.com/sports/ravens-nfl/ravens-podcast-draft-green-jones-CIYSREWWIBCYPGQQYQHI6OKICQ/,2025-04-25T23:24:00,"Breaking down Mike Green, Emery Jones Jr. selections | Banner Ravens Podcast",12,47,0,0,1,[]
education,https://www.thebaltimorebanner.com/education/early-childhood/maryland-child-care-scholarship-HKSW47FKVBHZHMXGC3ZM5JO54M/,2025-04-16T05:30:00,How to get a Maryland child care scholarship before they’re gone,11,787,6,0,5,[]
education,https://www.thebaltimorebanner.com/education/higher-education/international-students-legal-challenges-visa-revocations-KBOK2PSQOZFWXLF6SGXOUBJPC4/,2025-04-15T08:42:00,International students file legal challenges over widespread US visa revocations,10,842,4,0,5,[]
education,https://www.thebaltimorebanner.com/education/higher-education/johns-hopkins-student-visas-revoked-HTQDUBLPIFH7TA7BOPQOKXRYQY/,2025-04-11T17:30:00,‘Several dozen’ Johns Hopkins student visas revoked,7,318,6,0,3,[]
education,https://www.thebaltimorebanner.com/education/higher-education/johns-hopkins-university-37-visas-revoked-EZXNYMCMU5HPZIIMWGCYL5UGUY/,2025-04-15T17:28:00,37 Johns Hopkins students had visas revoked in nationwide crackdown,10,449,9,0,3,[]
education,https://www.thebaltimorebanner.com/education/higher-education/robert-hur-maryland-AJDLDO2NCZCD7IFQFLNKRNEMQY/,2025-04-24T14:10:00,How a former Maryland U.S. attorney became key in Harvard’s legal battle,12,597,13,0,5,[]
education,https://www.thebaltimorebanner.com/education/higher-education/ryan-holiday-naval-academy-lecture-dei-RDG7YVOTCRAIJPF2FT6GITCHXQ/,2025-04-21T17:51:00,He refused to censor his lecture. Then the Naval Academy canceled it.,12,699,7,1,5,"[{""src"": ""//www.thebaltimorebanner.com/resizer/v2/VTF6KJ7WDRB3PGSE7IZYQWIAII.JPG?auth=ad8ba4bde60c18bfa1176da7ca17d6900a926e7f58b5286c37c5be3394aa854c&quality=85&width=1024&smart=true"", ""width"": null, ""height"": null}]"
education,https://www.thebaltimorebanner.com/education/higher-education/student-visas-lawsuit-maryland-2L7FGOBORRBEZNDB44X7H7NQHQ/,2025-04-11T15:45:00,Maryland colleges back lawsuit to halt Trump visa cancellations,9,694,7,0,5,[]
education,https://www.thebaltimorebanner.com/education/higher-education/university-of-maryland-defense-compact-big-ten-trump-GIKHGZTGG5C5RCUV5I3ATVSZKU/,2025-04-25T15:19:00,University of Maryland faculty vote to join Big Ten alliance against Trump,12,604,6,0,5,[]
education,https://www.thebaltimorebanner.com/education/higher-education/university-of-maryland-student-visas-DDO3C6KEQBBERHHIGOOXFAYS4I/,2025-04-17T17:09:00,7 University of Maryland students lose visas amid federal crackdown,10,269,7,0,2,[]
education,https://www.thebaltimorebanner.com/education/k-12-schools/baltimore-city-schools-cyberattack-IHZWVFPFCJDI5N5Y7Z333676ZY/,2025-04-22T13:09:00,Baltimore schools cyberattack compromised staff and student data,8,421,2,1,4,"[{""src"": ""https://www.thebaltimorebanner.com/resizer/v2/XGEK3SRQKVE4XEX77443ADJ2PI.png?auth=8c256b33302fb7eef9442814a53f69d54c28333507ece4df5dba01909b146a1c&width=97&height=97&smart=true&quality=85"", ""width"": 97, ""height"": 97}]"
education,https://www.thebaltimorebanner.com/education/k-12-schools/calvert-hall-abuse-allegations-JNTZU4UXV5ASBGMM2LNS2HN7YE/,2025-04-15T19:49:00,New court filings reveal total of 19 men allege sexual abuse and cover-up at Calvert Hall,16,709,3,0,6,[]
education,https://www.thebaltimorebanner.com/education/k-12-schools/calvert-hall-towson-allegations-abuse-QIUGMGJH5VEVZP57CAUA2LNVSE/,2025-04-14T14:47:00,Survivors allege ‘decades’ of sexual abuse and cover-up at Calvert Hall,11,1207,4,2,7,"[{""src"": ""//www.thebaltimorebanner.com/resizer/v2/7ZDDNUYT5RBHDDYWGJC7HCB7LA.JPG?auth=e76197b797907c8c576650966c422709a98d9ce9e416a163241f2431cffe4fdd&quality=85&width=1024&smart=true"", ""width"": null, ""height"": null}, {""src"": ""//www.thebaltimorebanner.com/resizer/v2/W6SVUAVBBJELDH76HNH27BLU6Q.JPG?auth=36f6d52028fbafbd3ce01d20d84b5f59e33ea81f107cfb6334b4c2a730b7a5af&quality=85&width=1024&smart=true"", ""width"": null, ""height"": null}]"
education,https://www.thebaltimorebanner.com/education/k-12-schools/dei-maryland-schools-JGJ5LZ5Q2BDKJCIU2XA5RSSWE4/,2025-04-11T15:28:00,Maryland schools plan to comply with federal DEI demands,9,928,9,0,6,[]
education,https://www.thebaltimorebanner.com/education/k-12-schools/maryland-schools-dei-APQ4LALHAJGB3C36TA3DTBGCLI/,2025-04-24T18:15:00,"Maryland schools won’t end diversity programs, despite Trump demands",9,606,6,0,4,[]
education,https://www.thebaltimorebanner.com/education/k-12-schools/montgomery-county-schools-lgbtq-books-DYND7V2SABCFHNK3PYKUVAGKTE/,2025-04-22T14:31:00,Supreme Court signals support for Maryland parents opposed to LGBTQ books in schools,13,410,5,1,3,"[{""src"": ""https://www.thebaltimorebanner.com/resizer/v2/5YUXRT446NAZRJXPCQ65PM3M7A.jpg?auth=76b2f35dedfa79048b133ef33c7c5985a617084f572ed197a68cb8d7c7a533bd&width=97&height=97&smart=true&quality=85"", ""width"": 97, ""height"": 97}]"
education,https://www.thebaltimorebanner.com/education/k-12-schools/new-charter-academy-charter-canceled-QESQAVOT2BHEFD36LHZTXUCOAA/,2025-04-25T16:55:00,Annapolis was supposed to get a new charter school. Then Trump took office.,13,436,5,0,3,[]
education,https://www.thebaltimorebanner.com/education/k-12-schools/supreme-court-montgomery-county-books-I2ESFPSYFRGLHHJANPKBFL74SQ/,2025-04-22T05:30:00,Maryland’s largest school district heads to the Supreme Court. Here’s what to know.,13,1100,8,0,7,[]
education,https://www.thebaltimorebanner.com/education/k-12-schools/trump-dei-education-lawsuit-LS3GL2BGEBETVL2MG5VPFIM4U4/,2025-04-25T17:23:00,Maryland lawsuit challenges federal threats to withhold education funding,9,484,4,0,3,[]
education,https://www.thebaltimorebanner.com/education/maryland-lawsuit-trump-pandemic-relief-schools-GBOCSL7FUJBE5CJSG3JIRSNYPQ/,2025-04-11T08:44:00,Maryland sues over Trump administration’s sudden halt of pandemic relief aid for schools,13,406,2,0,2,[]
